index	value
ari	0.09932125961991918
ami	0.1414474001050765
nmi	0.18126351831502924
fmi	0.3243774928650838
comp	0.22855164282849494
homo	0.1501889132773746
