index	value
ari	0.2007082676020394
ami	0.24362789515769415
nmi	0.28410055143765167
fmi	0.35052175354255316
comp	0.3042698644681654
homo	0.2664389576737146
