index	value
ari	0.9111573497502793
ami	0.9385412089621511
nmi	0.9424673998337193
fmi	0.9258446851006035
comp	0.9469185353932277
homo	0.9380579149771375
