index	value
ari	0.25767456136109684
ami	0.29266497570436545
nmi	0.33786945197699675
fmi	0.37978795080508737
comp	0.33952119547888443
homo	0.33623370186898244
