index	value
ari	0.05873707837141573
ami	0.08454745290029715
nmi	0.10030499914502308
fmi	0.34065455717067444
comp	0.18310781299170828
homo	0.06907068455275622
