index	value
ari	0.04427266295229341
ami	0.08214355277260134
nmi	0.09823982031432912
fmi	0.3379152216635969
comp	0.18653406245366805
homo	0.06667825864984242
