index	value
ari	0.05346820117686569
ami	0.197764073462709
nmi	0.21595907477799664
fmi	0.4170792188897498
comp	0.7078635456625991
homo	0.1274159289812614
