index	value
ari	0.13297529731405824
ami	0.2031380849388895
nmi	0.25583353012616933
fmi	0.28503812079905877
comp	0.2620189775363109
homo	0.24993338568723164
